"store_type","revenue"
"Local",155636.40000000005
"Super Store",43395.77999999997
"Mall Kiosk",22303.089999999997
"Outlet",16345.230000000003
