"store_type","total_sales","percentage_sales","no_orders"
"Local",4200344.269999828,65.01947512674656,"78409"
"Mall Kiosk",705645.9000000032,10.923087036230667,"13142"
"Outlet",508029.40999999957,7.864071005577847,"9207"
"Super Store",1045045.1900000039,16.176838223199773,"19276"
"Web Portal",1067.77,0.016528608250506335,"43"
