"month","revenue"
"August   ",66036.31999999998
"October  ",65003.31999999995
"July     ",64503.250000000044
"September",62941.22000000005
"December ",61033.24999999996
"January  ",59054.27000000001
"June     ",58902.48999999996
"May      ",58131.16
"November ",56020.56000000002
"March    ",55564.450000000026
"April    ",51306.50000000004
"February ",48212.83
